dep,el,mt,pos
79.90116190335506,64.86417287877369,41.46751607754863,16.711069099478863
