dep,el,mt,pos,taxi1500
76.1806727268251,76.45867755428046,38.85837858582109,21.258413591886157,28.531842577798443
