dep,el,mt,pos
75.8741944735226,72.97014986373715,36.71772324319307,15.905641118241181
