dep,el,mt,pos,taxi1500
79.90116190335506,64.86417287877369,41.46751607754863,16.711069099478863,24.271783275630074
